FECHA,max_SO2,min_SO2,mean_SO2,median_SO2,max_PART,min_PART,mean_PART,median_PART,max_NO2,min_NO2,mean_NO2,median_NO2,max_CO,min_CO,mean_CO,median_CO,max_O3,min_O3,mean_O3,median_O3
2017-01-01,9,4,4.87062937062937,4,389,1,31.7587412587413,5,93,6,26.0874125874126,19,1229,50,388.13986013986,320,82,3,43.9020979020979,42.5
2017-01-02,5,4,4.5,4.5,26,5,15.5,15.5,49,30,39.5,39.5,516,445,480.5,480.5,44,16,30,30
2017-01-04,10,2,5.08391608391608,5,99,5,36.6643356643357,26,92,10,37.1328671328671,34,1372,64,358.412587412587,311.5,53,2,22.993006993007,21
2017-01-05,9,2,4.7773851590106,5,97,1,24.3780918727915,5,104,6,31.8551236749117,30,1377,87,387.583038869258,324,76,2,28.3710247349823,26
2017-01-06,10,2,4.83333333333333,5,60,3,14.0555555555556,5,92,6,23.6458333333333,19,857,127,349.357638888889,327,86,3,38.5277777777778,36
2017-01-07,7,1,4.39583333333333,4,59,1,14.8263888888889,5,101,6,29.4965277777778,24.5,1097,85,389.513888888889,351,77,3,38.2048611111111,37
2017-01-08,18,2,5.85069444444444,5,87,1,19.4305555555556,5,133,6,32.8402777777778,24,1829,50,420.197916666667,361.5,77,3,35.1145833333333,38
2017-01-09,21,1,6.52083333333333,6,67,1,16.4583333333333,5,131,6,33.3854166666667,25.5,1489,50,357.881944444444,307.5,85,1,37.2256944444444,34.5
2017-01-10,18,1,6.20486111111111,6,76,1,17.3020833333333,5,102,6,35.0902777777778,30,1208,7,370.020833333333,340.5,65,1,26.5347222222222,24
2017-01-11,25,1,6.12847222222222,6,82,1,21.2916666666667,5,139,6,36.0069444444444,27,1715,7,402.402777777778,341.5,81,1,32.9513888888889,28
2017-01-12,15,5,10,10,28,5,16.5,16.5,63,17,40,40,304,198,251,251,47,7,27,27
2017-01-13,21,1,6.68531468531468,6,62,1,14.3216783216783,5,84,5,27.1748251748252,23.5,1520,176,409.248251748252,376.5,74,1,36.0629370629371,38
2017-01-14,20,1,7.25,6,50,1,12.4201388888889,5,67,5,20.4895833333333,16,1299,56,420.895833333333,343,98,2,49.4479166666667,54
2017-01-15,21,1,7.33333333333333,6,57,1,14.0451388888889,5,77,5,21.8506944444444,17,1242,92,492.972222222222,426.5,87,2,52.25,52.5
2017-01-16,50,1,7.02158273381295,6,88,1,19.5755395683453,5,142,6,35.2410071942446,28,1674,50,450.920863309353,392.5,96,1,39.8021582733813,37.5
2017-01-17,39,1,7.81944444444444,6,63,1,15.2048611111111,5,97,5,25.1944444444444,18,1754,57,389.805555555556,316.5,88,2,48.4618055555556,54.5
2017-01-18,18,1,6.98958333333333,6,37,1,8.14236111111111,5,53,4,10.8159722222222,9,1072,50,297.090277777778,309,98,25,67.8680555555556,69
2017-01-19,9,2,4.74305555555556,4,39,1,10.1840277777778,5,79,6,18,12,784,50,328.375,307,85,6,58.7256944444444,62
2017-01-20,7,2,4.60416666666667,4,53,1,12.9375,5,69,6,25.21875,21,1257,7,405.961805555556,350.5,66,4,33.3055555555556,35
2017-01-21,7,2,4.58680555555556,4,52,1,13.5034722222222,5,64,7,23.0833333333333,18,1032,50,313.572916666667,316,77,1,39.8055555555556,39
2017-01-22,7,2,4.50347222222222,4,37,1,10.3159722222222,5,80,6,17.5,13,804,50,341.020833333333,348,97,6,60.875,65
2017-01-23,15,3,4.75694444444444,4,89,1,18.2256944444444,5,126,6,33.2048611111111,21,1705,7,485.690972222222,400,92,1,44.1805555555556,46
2017-01-24,17,1,4.96527777777778,5,64,1,17.7638888888889,5,113,6,33.4791666666667,25,1245,73,401.163194444444,387.5,95,5,44.65625,42
2017-01-25,21,1,5.62152777777778,5,80,2,20.9756944444444,5,127,7,37.8923611111111,27,1259,50,421.020833333333,395,96,1,45.1145833333333,45
2017-01-26,7,1,4.41758241758242,5,53,5,17.4945054945055,13,109,6,28.8534798534799,22,1014,143,400.915750915751,366,98,3,57.3223443223443,61
2017-01-27,7,1,3.93055555555556,4,22,1,5.96180555555556,5,67,4,13.0347222222222,8,645,51,227.552083333333,251,101,29,80.9236111111111,87
2017-01-28,6,1,4.21875,4,40,1,8.53819444444444,5,75,5,14.3576388888889,8,787,79,272.263888888889,269,99,7,72.8680555555556,80
2017-01-29,8,1,3.6875,4,55,1,13.1944444444444,5,93,5,25.2222222222222,18.5,809,59,365.013888888889,375.5,102,3,52.09375,52.5
2017-01-30,14,1,4.30208333333333,4,106,1,17.2048611111111,5,133,6,31.9791666666667,19,1861,50,390.954861111111,327,89,1,46.4583333333333,47
2017-01-31,8,1,3.8125,4,70,1,19.1111111111111,5,129,8,36.5798611111111,31,1488,50,370.458333333333,358,86,1,37.28125,39.5
2017-02-01,7,1,3.39930555555556,3,53,1,15.1319444444444,5,93,6,29.2361111111111,22,661,50,255.65625,268.5,95,1,43.6909722222222,41.5
2017-02-02,6,1,3.5017667844523,4,44,1,10.4487632508834,5,94,5,17.1872791519435,13,909,50,271.731448763251,254,88,1,58.5265017667844,62
2017-02-03,6,1,3.50347222222222,4,59,5,17.2256944444444,8,41,4,11.1215277777778,7,805,7,197.152777777778,215.5,97,8,77.8298611111111,80
2017-02-04,6,1,3.36458333333333,4,33,2,12.4305555555556,5,22,3,7.65625,5,444,50,178.166666666667,208.5,93,47,80.1111111111111,81
2017-02-05,6,1,3.40625,4,70,1,10.1458333333333,5,30,4,7.63541666666667,6,1025,50,224.069444444444,208,96,45,78.9236111111111,78.5
2017-02-06,7,1,4.24652777777778,5,52,1,13.4548611111111,5,113,4,22.5138888888889,11,1343,50,321.75,267,94,1,65.5833333333333,82
2017-02-07,10,1,3.25347222222222,4,70,1,14.9722222222222,5,100,4,21.9270833333333,16,927,7,241.256944444444,224.5,81,1,48.3715277777778,55
2017-02-08,8,1,4.32638888888889,5,33,1,8.19791666666667,5,71,4,14.0069444444444,10,905,51,261.510416666667,267,93,17,69.1354166666667,68.5
2017-02-09,14,2,5.7208480565371,6,84,1,17.1660777385159,5,145,5,31.530035335689,18,1805,50,458.310954063604,346,98,1,55.8763250883392,62
2017-02-10,9,1,4.18402777777778,5,61,1,13.2361111111111,5,81,5,20.1354166666667,17,948,50,237.496527777778,262,94,5,61.0694444444444,65
2017-02-11,7,1,4.05902777777778,5,38,1,7.47916666666667,5,37,4,8.75,7,924,50,262.559027777778,269,87,42,73.9583333333333,75
2017-02-12,7,1,4.49305555555556,5,49,1,12.7083333333333,5,52,4,11.5104166666667,7,854,50,220.010416666667,254.5,95,18,71.2743055555556,74
2017-02-13,8,1,3.70545454545455,5,123,1,12.6109090909091,5,71,3,13.3890909090909,7,1332,50,312.181818181818,238,109,8,80.2581818181818,86
2017-02-14,8,1,4.24305555555556,5,70,1,11.7222222222222,5,111,5,20.6875,14,1710,55,333.232638888889,304.5,99,1,62.84375,67
2017-02-15,8,1,4.01736111111111,4,26,1,6.65277777777778,5,18,4,7.54166666666667,7,531,50,187.472222222222,248.5,104,70,90.5138888888889,91.5
2017-02-16,8,2,4.40277777777778,5,72,4,13.4791666666667,5,114,4,19.8680555555556,9,1296,50,284.496527777778,273,102,1,76.3993055555556,89
2017-02-17,7,1,3.69097222222222,4,79,5,21.2847222222222,9,105,6,26.2916666666667,19,1054,7,292.743055555556,291.5,106,4,56.1701388888889,58
2017-02-18,8,1,3.25347222222222,3,84,5,26.9444444444444,6.5,78,6,21.3645833333333,15,919,50,289.163194444444,302,105,1,60.1909722222222,62
2017-02-19,7,1,3.42013888888889,3,60,1,9.54513888888889,5,34,4,7.79166666666667,7,834,50,222.190972222222,251.5,98,46,82.8090277777778,86
2017-02-20,7,1,3.97916666666667,4,46,1,12.6493055555556,5,16,5,8.16319444444444,8,584,7,204.822916666667,273.5,103,8,81.7013888888889,84
2017-02-21,8,1,4.25347222222222,5,84,5,22.1527777777778,7.5,13,4,7.08680555555556,7,882,50,260.5625,281,99,77,88.6909722222222,89
2017-02-22,7,1,4.17361111111111,5,335,5,74.9340277777778,17.5,34,3,6.93402777777778,7,930,50,229.180555555556,271,98,59,79.5104166666667,78
2017-02-23,7,1,3.70545454545455,3,351,5,69.9127272727273,51,82,5,14.5127272727273,6,794,50,227.905454545455,251,76,9,55.1309090909091,58
2017-02-24,9,1,3.96180555555556,5,170,5,37.4444444444444,15,76,5,18.03125,11,844,50,276.135416666667,279,84,2,48.3576388888889,56
2017-02-25,6,1,3.43402777777778,4,179,5,55.6805555555556,28.5,52,7,19.5659722222222,17,815,50,284.5,284.5,71,2,34.6076388888889,33
2017-02-26,6,1,3.30555555555556,4,107,5,45.5902777777778,35,54,5,13.3541666666667,11,885,50,284.701388888889,284.5,91,10,58.5486111111111,64
2017-02-27,6,1,3.42293906810036,4,95,5,33.6272401433692,5,56,5,15.6810035842294,12,735,7,240.928315412186,262,85,18,59.594982078853,66
2017-02-28,7,1,3.79166666666667,4,30,1,8.59722222222222,5,51,5,11.34375,9,4536,50,761.454861111111,285.5,98,17,71.7465277777778,73.5
2017-03-01,10,1,4.01388888888889,4,53,4,12.4444444444444,5,87,6,22.7083333333333,16,4478,207,397.729166666667,359,114,3,63.40625,65
2017-03-02,10,1,4.20833333333333,5,125,5,23.21875,6,156,9,33.2256944444444,19.5,1729,206,455.923611111111,372,141,3,65.8506944444444,65.5
2017-03-03,7,1,3.76306620209059,4,89,1,19.9372822299652,5,81,5,19.404181184669,16,743,7,341.191637630662,341,100,8,71.3658536585366,79
2017-03-04,6,1,3.91319444444444,5,15,1,4.8125,5,78,4,15.9895833333333,11,579,165,337.482638888889,327,103,2,71.4340277777778,75
2017-03-05,6,1,3.77083333333333,5,40,1,8.36805555555556,5,51,5,15.1180555555556,12,715,163,353.145833333333,342,83,11,56.9375,60
2017-03-06,7,1,3.56597222222222,5,61,1,13.1284722222222,5,97,4,20.0277777777778,15,1346,7,381.59375,335,81,2,45.6840277777778,49.5
2017-03-07,6,1,3.53819444444444,4,51,1,12.9097222222222,5,117,5,25.2604166666667,18,1335,211,417.774305555556,362.5,114,2,49.1354166666667,45
2017-03-08,17,1,3.78125,5,84,1,14.7048611111111,5,174,6,31.0451388888889,18,6174,92,430.579861111111,354,138,2,66.0659722222222,65.5
2017-03-09,18,1,4.4468085106383,5,81,1,18.290780141844,5,164,9,35.4255319148936,25,1145,7,399.645390070922,353.5,164,3,74.8581560283688,74
2017-03-10,12,1,4.12152777777778,5,64,1,17.1736111111111,5,138,7,36.6875,28.5,1325,7,309.895833333333,292,141,1,64.2256944444444,68
2017-03-11,10,1,4.69097222222222,5,110,5,25.4965277777778,5,88,7,27.9444444444444,21,830,188,369.326388888889,353.5,181,2,83.3784722222222,78
2017-03-12,6,1,3.58333333333333,4,60,5,18.9722222222222,5.5,42,6,13.0868055555556,11,825,164,332.097222222222,321,123,22,79.15625,86.5
2017-03-13,6,1,3.93478260869565,4,21,1,6.81884057971014,5,50,5,13.7065217391304,11,533,7,293.561594202899,311,93,8,68.5036231884058,71
2017-03-14,7,1,3.97569444444444,4,29,1,7.51736111111111,5,89,6,13.9722222222222,10,694,50,308.402777777778,326,110,21,89.7881944444444,94.5
2017-03-15,9,1,4.62847222222222,5,21,1,8.49305555555556,5,20,5,7.74305555555556,7,396,115,267.40625,291,126,8,100.1875,107
2017-03-16,7,1,4.91319444444444,5,23,1,8.98263888888889,5,13,4,7.31944444444444,7,457,103,262.986111111111,273.5,134,104,116.833333333333,117
2017-03-17,8,1,4.94097222222222,5,35,5,12.0763888888889,5,41,5,9.38194444444444,9,589,50,278.409722222222,288.5,135,80,111.138888888889,111
2017-03-18,13,1,4.96180555555556,5,82,5,25.6388888888889,16.5,133,5,17.0729166666667,9,1115,50,335.267361111111,306,133,1,99.7465277777778,105
2017-03-19,12,1,5.43055555555556,6,76,5,22.53125,9,142,5,18.5590277777778,12,1027,162,329.972222222222,312,142,3,91.0208333333333,90.5
2017-03-20,8,1,4.59027777777778,5,84,5,20.6736111111111,12.5,87,5,18.8368055555556,15,696,7,304.8125,295.5,129,6,86.3715277777778,89
2017-03-21,7,1,4.09375,5,60,5,15.7222222222222,5.5,42,5,12.2708333333333,10,430,171,288.829861111111,281,97,32,75.9201388888889,80.5
2017-03-22,8,1,4.64583333333333,5,37,1,10,5,29,5,10.9895833333333,8,383,153,265.034722222222,274.5,106,52,85.8611111111111,87
2017-03-23,9,2,5.01098901098901,5,27,1,7.32234432234432,5,66,4,13.4652014652015,10,543,144,305.534798534799,321,108,31,82.8608058608059,85
2017-03-24,9,1,5.07986111111111,6,33,1,10.5590277777778,5,63,5,16.1527777777778,12,646,144,313.913194444444,322,101,5,71.2847222222222,79
2017-03-25,9,1,4.82291666666667,5,37,1,8.47222222222222,5,39,5,12.6145833333333,11,494,186,325.121527777778,317.5,116,29,79.28125,78.5
2017-03-26,11,1,5.31159420289855,6,30,1,8.18840579710145,5,46,5,12.1268115942029,10,460,156,312.829710144928,312,127,8,84.9927536231884,96.5
2017-03-27,7,1,4.19444444444444,5,34,1,8.70486111111111,5,60,4,14.5416666666667,11,561,152,308.916666666667,297,123,8,72.1944444444444,85
2017-03-28,7,1,3.90942028985507,4,100,1,12.3224637681159,5,76,5,18.3224637681159,12,958,7,347.826086956522,339.5,120,6,72.1159420289855,75
2017-03-29,8,2,4.52777777777778,5,48,1,14.6041666666667,5,118,7,25.1770833333333,16,633,157,347.319444444444,343,141,2,82.3229166666667,82
2017-03-30,7,1,4.55902777777778,5,44,5,14.7916666666667,7.5,102,7,21.3263888888889,17,593,76,302.017361111111,306,147,22,92.9375,93
2017-03-31,9,2,4.8125,5,50,3,13.65625,5,98,6,19.9201388888889,15,747,84,301.232638888889,287,125,4,84.3194444444444,87
2017-04-01,7,1,3.98611111111111,4,42,1,8.90277777777778,5,30,5,9.63541666666667,8,492,177,301.006944444444,302,105,55,90.3541666666667,91
2017-04-02,8,1,5.21875,6,44,1,10.2743055555556,5,83,5,15.0104166666667,10,611,56,290.295138888889,308,121,10,82.15625,83
2017-04-03,10,1,5.12152777777778,6,43,1,10.6388888888889,5,94,5,20.7881944444444,15,762,7,282.746527777778,306.5,133,3,81.0868055555556,77.5
2017-04-04,12,1,5.67708333333333,6,41,2,12.6493055555556,5,104,5,25.2256944444444,16,664,71,330.208333333333,329.5,137,3,86.0659722222222,93.5
2017-04-05,10,2,5.77430555555556,6,54,1,12.21875,5,82,5,20.875,15,561,109,301.086805555556,312.5,122,14,84.6145833333333,94
2017-04-06,8,2,5.32608695652174,6,80,1,14.1594202898551,5,119,5,19.2065217391304,13,1185,50,324.81884057971,318,118,5,84.2355072463768,86.5
2017-04-07,9,1,5.37847222222222,6,55,1,12.7673611111111,5,84,6,14.1354166666667,10,580,50,302.986111111111,308,133,8,97.4027777777778,114
2017-04-08,9,1,5.52777777777778,6,28,2,11.1909722222222,5,92,5,11.5590277777778,8,379,66,250.913194444444,293,137,36,117.034722222222,124
2017-04-09,7,1,5.27083333333333,6,31,1,9.51736111111111,5,21,5,6.70486111111111,6,361,86,261.225694444444,278.5,129,97,116.986111111111,119
2017-04-10,7,1,5.08333333333333,5,35,1,10.6557971014493,5,56,4,9.97101449275362,7,388,7,252.420289855072,287,127,8,108.815217391304,111
2017-04-11,8,1,5.46180555555556,6,51,1,13.3229166666667,5,101,4,21.4270833333333,14,1500,101,293.909722222222,294,126,14,86.9895833333333,92
2017-04-12,13,2,5.61805555555556,6,41,1,12.6701388888889,5,117,5,22.3298611111111,18,948,137,308.694444444444,295,140,23,92.6180555555556,90
2017-04-13,8,1,5.20486111111111,6,39,1,13.2256944444444,5,43,5,13.0590277777778,11,390,122,288.1875,294,139,52,109.614583333333,114
2017-04-14,8,1,4.01041666666667,4.5,54,1,18.0451388888889,5,43,5,11.3333333333333,10,503,90,271.479166666667,274,123,44,88.1701388888889,87.5
2017-04-15,7,1,4.19097222222222,5,53,5,17.6458333333333,5.5,64,5,13.0277777777778,11,446,94,256.267361111111,267.5,116,30,79.6631944444444,83
2017-04-16,7,1,4.22222222222222,4.5,47,1,12.21875,5,44,6,13.3993055555556,11,444,63,285.6875,291.5,148,27,86.7465277777778,84
2017-04-17,8,1,3.84751773049645,4,57,1,16.0886524822695,5,95,5,20.0460992907801,15,798,7,269.925531914894,295,123,4,82.8829787234042,86
2017-04-18,8,1,4.58333333333333,5,68,5,17.6111111111111,9.5,152,5,21.75,14.5,832,50,295.118055555556,313.5,148,2,89.3576388888889,91
2017-04-19,7,1,3.97916666666667,4,38,5,16.9027777777778,10,22,5,8.24652777777778,8,395,79,264.697916666667,303.5,122,83,106.965277777778,107
2017-04-20,8,1,4.64930555555556,5,56,5,19.84375,5,11,5,6.51736111111111,6,391,82,289.454861111111,329.5,120,97,106.350694444444,106
2017-04-21,9,2,4.77011494252874,5,109,5,19.7471264367816,12,16,5,6.53639846743295,6,424,7,248.168582375479,189,128,106,115.337164750958,115
2017-04-22,10,1,5.71080139372822,6,174,1,17.6585365853659,5,39,4,8.06271777003484,6,475,62,306.18118466899,334,122,56,109.240418118467,113
2017-04-23,9,1,4.73263888888889,5,72,5,22.1944444444444,15,25,6,10.7013888888889,10,494,118,299.670138888889,322,128,56,91.5902777777778,89.5
2017-04-24,10,1,5.125,4,101,5,33.0178571428571,5,57,5,13.4892857142857,12,462,7,282.896428571429,309,129,8,87.5678571428571,91
2017-04-25,9,1,4.625,3,75,5,32.2534722222222,22,51,5,12.6319444444444,11,465,108,292.173611111111,305.5,116,15,79.5104166666667,86
2017-04-26,9,1,5.15277777777778,5,84,5,23.6909722222222,13.5,28,4,10.9756944444444,9,452,83,300.861111111111,311.5,110,53,88.8854166666667,91
2017-04-27,9,1,5.32638888888889,6,72,5,17.1458333333333,8.5,32,5,11.7256944444444,10,692,7,330.510416666667,329,98,28,75.8645833333333,78
2017-04-28,9,1,5.22916666666667,6.5,15,1,4.21180555555556,5,19,4,7.65972222222222,7,581,121,309.128472222222,328,93,46,76.0694444444444,79
2017-04-29,9,1,5.1875,6.5,25,1,6.02430555555556,5,35,4,9.20138888888889,7,508,90,295.079861111111,322.5,91,42,75.1041666666667,75
2017-04-30,9,1,4.99305555555556,6,33,1,9.89236111111111,5,24,4,8.11805555555556,7,426,50,279.395833333333,328,111,54,87.1319444444444,88.5
2017-05-01,9,1,5.69097222222222,7,30,1,6.53125,5,104,4,10.6527777777778,6,671,100,292.958333333333,328,119,7,86.7986111111111,82
2017-05-02,9,1,6.09027777777778,7,30,1,9.83333333333333,5,87,6,20.2152777777778,13,680,88,319.618055555556,336,142,3,83.1006944444444,81
2017-05-03,10,1,5.54736842105263,7,31,1,9.79649122807018,5,49,5,12.2175438596491,10,461,111,295.768421052632,320,143,46,105.052631578947,103
2017-05-04,10,1,5.70486111111111,8,45,5,15.0694444444444,6,77,5,15.7222222222222,12,569,90,271.163194444444,312,148,14,97.4826388888889,99
2017-05-05,9,1,4.77394636015326,4,55,1,16.2375478927203,6,35,5,10.8697318007663,9,488,81,289.318007662835,307,109,49,81.9310344827586,81
2017-05-06,10,1,5.37979094076655,6,27,1,7.63763066202091,5,92,4,10.0104529616725,7,648,58,270.672473867596,309,120,9,88.0209059233449,89
2017-05-07,10,1,5.76736111111111,7,27,1,9.55208333333333,5,69,5,11.2083333333333,8,425,50,277.604166666667,322.5,135,17,90.71875,93
2017-05-08,10,1,5.66319444444444,6.5,30,1,10.4131944444444,5,91,5,15.4340277777778,12,714,7,277.482638888889,313,143,8,93.7604166666667,93.5
2017-05-09,12,1,5.625,8,148,5,16.3819444444444,6,51,5,14.03125,12,733,50,267.65625,305,131,30,92.5069444444444,96.5
2017-05-10,9,1,4.80902777777778,5.5,28,1,8.54861111111111,5,36,4,9.77083333333333,8,354,50,228.878472222222,280.5,85,22,61.1423611111111,63
2017-05-11,9,1,4.21180555555556,4,31,1,6.81597222222222,5,33,3,9.28819444444444,6,498,7,284.694444444444,305,97,8,80.7152777777778,84
2017-05-12,6,1,3.5,3.5,5,2,3.5,3.5,11,5,8,8,350,252,301,301,84,80,82,82
2017-05-14,7,1,3.53281853281853,3,33,1,8.44401544401544,5,103,5,12.5405405405405,8,549,113,291.223938223938,304,105,1,65.9189189189189,70
2017-05-15,8,1,3.89198606271777,4,40,1,9.59581881533101,5,57,5,14.0278745644599,10,438,53,263.909407665505,318,113,13,77.6550522648084,79
2017-05-16,15,1,4.10992907801418,4,26,1,9.98581560283688,5,50,4,11.0496453900709,9,993,51,272.758865248227,330.5,119,19,92.113475177305,97
2017-05-17,6,1,3.82291666666667,4,30,5,12.09375,6.5,86,5,16.15625,12,591,66,283.652777777778,333.5,138,9,92.4236111111111,95.5
2017-05-18,8,1,3.05555555555556,3,32,1,10.8506944444444,5,73,4,12.7083333333333,10,799,7,283.420138888889,336,118,8,84.7986111111111,87
2017-05-19,9,1,3.98850574712644,4,33,1,10.3409961685824,7,58,4,15.3869731800766,11,576,50,312,364,128,20,87.9961685823755,85
2017-05-20,7,1,3.33797909407666,3,31,1,10.5365853658537,5,66,5,14.3379790940767,10,533,50,246.606271777003,337,149,26,98.6480836236934,101
2017-05-21,6,1,3.84375,4,45,2,11.9826388888889,5,30,4,6.51388888888889,5,567,50,262.989583333333,344,131,74,107.569444444444,109
2017-05-22,7,1,3.39583333333333,3,35,5,13.0520833333333,7,42,5,11.9583333333333,10,694,7,294.274305555556,337,141,8,101.100694444444,103.5
2017-05-23,8,1,2.92361111111111,3,48,5,17.4236111111111,8.5,60,5,13.46875,10,542,65,271.715277777778,327,155,11,99.7638888888889,104.5
2017-05-24,8,1,3.0530035335689,3,52,5,15.416961130742,5,28,4,7.97173144876325,6,666,50,274.604240282686,338,130,64,106.519434628975,107
2017-05-25,6,1,2.59375,2.5,79,5,21.6180555555556,10,29,4,9.39930555555556,8,708,55,291.392361111111,325,122,66,99.2534722222222,99
2017-05-26,6,1,2.79861111111111,3,73,5,24.7256944444444,13.5,42,6,12.7638888888889,12,874,80,322,329,124,26,86.6805555555556,93
2017-05-27,6,1,2.67708333333333,3,80,1,19.3229166666667,5,30,5,10.1458333333333,9,701,58,315.90625,332,130,6,92.7152777777778,96.5
2017-05-28,5,1,2.26041666666667,2,142,5,24.4618055555556,6,21,4,7.23958333333333,7,625,71,294.364583333333,324,115,51,92.4270833333333,95
2017-05-29,4,1,2.10069444444444,2,27,1,8.79861111111111,5,25,4,8.16666666666667,7,569,57,274.270833333333,314,97,47,78.78125,80.5
2017-05-30,7,1,2.62897526501767,3,28,1,9.91519434628975,5,28,4,10.0247349823322,9,772,50,333.268551236749,332,110,33,80.8056537102474,82
2017-05-31,5,1,2.61458333333333,3,32,2,11.125,5,39,5,10.34375,8,611,80,306.909722222222,334,136,48,103.805555555556,102
2017-06-01,7,1,3.11458333333333,3,55,5,16,8,37,5,11.1284722222222,10,513,50,258.072916666667,332.5,136,60,104.152777777778,105.5
2017-06-02,6,1,2.92361111111111,3,67,5,27.0138888888889,18,54,5,11.9756944444444,10,612,50,293.527777777778,340.5,144,58,99.2361111111111,99
2017-06-03,5,1,2.01388888888889,2,60,5,20.1180555555556,10.5,36,4,9.55208333333333,8,479,50,255.052083333333,317.5,121,60,101.527777777778,106
2017-06-04,5,1,2.89930555555556,3,47,2,13.8645833333333,5,28,4,8.77777777777778,8,403,50,270.944444444444,322,125,54,91.6458333333333,93
2017-06-05,5,1,2.54513888888889,3,41,1,12.1111111111111,5,53,4,11.7152777777778,10,533,50,262.440972222222,334,128,21,92.4722222222222,100
2017-06-06,5,1,2.43055555555556,2,37,1,11.8333333333333,5,78,4,14.0798611111111,9,623,51,323.013888888889,348.5,122,16,87.6840277777778,92
2017-06-07,7,1,2.70138888888889,3,37,3,13.1701388888889,5,50,4,13.4722222222222,11,848,50,320.892361111111,349,158,5,96.1354166666667,101.5
2017-06-08,16,1,3.81549815498155,4,36,4,12.309963099631,5,38,4,8.76383763837638,6,428,7,254.80442804428,341,147,8,66.9225092250923,103
2017-06-09,7,1,3.57291666666667,4,40,5,16.84375,9,77,5,15.2291666666667,13,1150,50,285.336805555556,338.5,131,8,58.1423611111111,35.5
2017-06-10,6,1,3.60416666666667,4,45,5,16.5138888888889,10,40,5,12.1909722222222,10.5,937,71,336.295138888889,349,174,8,77.9027777777778,100
2017-06-11,7,1,3.27777777777778,4,47,5,15.6354166666667,5.5,75,4,9.87152777777778,8,817,54,276.236111111111,339,132,8,55.8263888888889,66.5
2017-06-12,8,1,3.53125,4,62,1,13.3888888888889,5,24,4,8.70833333333333,7,815,50,310.013888888889,345,121,8,55.7361111111111,35
2017-06-13,8,1,3.75347222222222,4,60,3,16.4722222222222,5,59,4,11.5,8,611,57,275.774305555556,326.5,135,8,57.96875,39
2017-06-14,7,1,3.21527777777778,3,71,5,24.5069444444444,14,35,5,11.8333333333333,11,704,50,266.482638888889,329,149,8,57.5451388888889,27
2017-06-15,6,1,2.80427046263345,3,148,1,26.5978647686833,5,80,5,14.9964412811388,13,783,7,314.284697508897,354,156,8,83.6832740213523,93
2017-06-16,8,1,2.55902777777778,2,156,5,19.4444444444444,5.5,93,4,12.6111111111111,9,724,55,280.215277777778,330,145,9,105.5625,109
2017-06-17,8,1,2.72916666666667,3,44,5,15.2986111111111,7.5,61,4,10.6111111111111,8,592,50,267.934027777778,341,135,50,108.079861111111,107
2017-06-18,8,1,2.86805555555556,3,52,4,15.1979166666667,5,44,4,10.8333333333333,9,659,50,290.628472222222,362,141,49,103.53125,112
2017-06-19,12,1,2.6875,2,43,1,12.5104166666667,5,67,5,12.3368055555556,9.5,527,7,243.204861111111,342.5,140,8,106.770833333333,112
2017-06-20,14,1,2.28472222222222,2,86,1,11.1909722222222,5,55,5,11.2256944444444,10,748,7,342.590277777778,357,148,8,108.024305555556,109
2017-06-21,5,1,1.85069444444444,1,50,1,16.4097222222222,5,43,5,11.46875,9,987,51,360.822916666667,365,159,39,115.545138888889,125.5
2017-06-22,7,1,2.46527777777778,2,59,5,21.1076388888889,10,30,5,12.2291666666667,11,752,7,322.576388888889,363,144,47,108.993055555556,115
2017-06-23,6,1,3.28472222222222,3.5,53,5,18.4791666666667,10,44,4,12.84375,11,589,50,291.024305555556,348,142,44,105.465277777778,108.5
2017-06-24,7,1,3.40972222222222,4,89,2,19.3923611111111,5,72,4,12.40625,10,821,50,322.072916666667,366,140,12,91,93.5
2017-06-25,7,1,3.43402777777778,4,64,5,22.7951388888889,9.5,47,4,10.2777777777778,9,812,50,277.409722222222,344,108,34,77.1631944444444,83
2017-06-26,6,1,3.07291666666667,3,65,5,18.5625,11.5,33,5,12.1076388888889,10.5,750,54,308.607638888889,354.5,123,29,84.3888888888889,82
2017-06-27,5,1,3,3,63,5,34,34,17,11,14,14,391,183,287,287,70,65,67.5,67.5
2017-06-28,8,1,3.14035087719298,3,114,1,13.9157894736842,5,21,4,8.63859649122807,7,499,7,216.224561403509,264,78,8,57.5754385964912,60
2017-06-29,6,1,3.38541666666667,4,31,1,9.17013888888889,5,27,4,8.69097222222222,8,526,50,281.072916666667,333.5,103,53,78.8819444444444,79
2017-06-30,7,1,4.19444444444444,5,26,1,7.30208333333333,5,44,4,8.92013888888889,7,507,50,267.489583333333,362,101,42,73.875,75
2017-07-01,8,1,4.29513888888889,5,21,1,7.49305555555556,5,38,4,10.3888888888889,9,542,50,297.21875,369.5,103,24,72.1875,70.5
2017-07-02,7,1,4.45138888888889,5,33,1,9.4375,5,119,4,13.59375,9,718,54,306.559027777778,363,110,4,78.5347222222222,84
2017-07-03,9,1,3.89547038327526,4,35,1,9.09059233449477,5,22,4,7.99651567944251,6,734,7,285.240418118467,349,119,8,96.7735191637631,97
2017-07-04,7,1,3.88194444444444,4,75,1,12.3506944444444,5,39,4,8.30902777777778,6,655,7,283.75,350,139,8,97.6527777777778,100
2017-07-05,7,1,2.84027777777778,3,53,5,17.8194444444444,10.5,35,5,9.92013888888889,9,1144,50,310.954861111111,353,133,61,92.4027777777778,91
2017-07-06,6,1,2.36458333333333,2,78,5,23,6,23,4,9.97569444444444,9,1152,50,344.34375,358.5,99,44,71.7083333333333,74
2017-07-07,6,1,3.48611111111111,4,86,1,11.3194444444444,5,47,5,11.9722222222222,9,541,50,237.711805555556,335.5,119,9,76.3958333333333,76
2017-07-08,6,1,3.26736111111111,4,41,4,12.2534722222222,5,37,4,9.28819444444444,8,1054,50,348.597222222222,366,139,35,92.7708333333333,94
2017-07-09,6,1,3.04861111111111,3,43,1,11.6354166666667,5,32,4,7.98263888888889,7,710,50,286.333333333333,362,141,56,101.243055555556,108
2017-07-10,13,1,3.62903225806452,4,43,5,16.6612903225806,5,35,4,11.7983870967742,10,1175,7,342.870967741935,376,128,48,85.8064516129032,85
2017-07-11,8,1,3.27272727272727,3,47,5,14.5734265734266,7,90,5,15.7307692307692,11,604,54,301.06993006993,374.5,150,12,102.34965034965,108.5
2017-07-12,9,1,3.90873015873016,4,88,5,28.7936507936508,31,156,4,23.7619047619048,14,1271,7,259.234126984127,258,168,2,97.6825396825397,102
2017-07-13,13,1,4.32752613240418,5,105,5,35.1567944250871,20,92,4,22.1114982578397,15,581,7,278.080139372822,372,150,2,92.1567944250871,97
2017-07-14,22,1,5.91666666666667,5,60,1,21.8819444444444,5,86,4,18.84375,13,1059,50,377.270833333333,422,160,20,108.576388888889,117
2017-07-15,7,1,4.05902777777778,5,83,5,28.3159722222222,18.5,43,4,12.6527777777778,12,1006,50,322.711805555556,382,158,48,111.399305555556,114
2017-07-16,7,1,3.67013888888889,5,76,5,25.5625,14.5,51,4,10.9513888888889,9,776,51,312.496527777778,373,129,50,96.6006944444444,96
2017-07-17,18,1,5.04727272727273,5,76,1,17.9927272727273,5,61,5,12.1963636363636,11,611,50,282.545454545455,368,155,37,107.236363636364,102
2017-07-18,8,1,3.55681818181818,4,69,5,23.2348484848485,22,34,4,11.1818181818182,10,507,50,228.598484848485,191.5,146,74,107.515151515152,106
2017-07-19,8,1,3.87456445993031,5,65,5,19.4564459930314,12,42,5,9.97212543554007,8,736,7,290.620209059233,353,118,8,98.6376306620209,102
2017-07-20,7,1,3.48263888888889,4,47,2,13.4444444444444,5,39,4,10.6666666666667,9,766,50,286.336805555556,348,125,14,86.1597222222222,88.5
2017-07-21,6,1,3.80902777777778,4,36,5,15.4340277777778,8,37,5,10.2916666666667,9,518,50,268.454861111111,362,119,41,92.5625,96.5
2017-07-22,9,1,4.69097222222222,5,40,5,13.5069444444444,6,67,4,11.5104166666667,10,523,50,305.197916666667,396.5,141,43,100.239583333333,103
2017-07-23,10,1,5.01388888888889,5,44,5,13.5625,6.5,83,4,11.2534722222222,8,794,52,331.097222222222,413.5,136,16,105.527777777778,116
2017-07-24,9,1,4.69444444444444,5,51,5,15.8368055555556,6,83,4,14.75,11.5,618,50,303.652777777778,404.5,147,23,103.135416666667,112
2017-07-25,10,1,4.80797101449275,5,79,5,16.6485507246377,8,103,4,15.8079710144928,11,747,50,285.590579710145,390.5,155,3,103.003623188406,112
2017-07-26,9,1,3.80851063829787,4,79,4,19.4609929078014,5.5,66,4,14.9503546099291,11,1101,7,317.354609929078,413,158,8,105.329787234043,117.5
2017-07-27,9,1,4.32986111111111,5,77,5,19.8402777777778,11,80,5,17.6076388888889,13,537,50,281.576388888889,346,171,9,112.201388888889,113
2017-07-28,9,1,4.60727272727273,5,80,5,23.0654545454545,15,76,4,16.4109090909091,12,1158,50,353.014545454545,449,170,32,130.821818181818,141
2017-07-29,12,1,5.58188153310105,5,38,2,14.1498257839721,5,62,4,12.5261324041812,10,857,50,322.794425087108,416,155,25,119.512195121951,131
2017-07-30,12,1,4.94097222222222,5,41,5,13.1527777777778,6,53,4,10.2986111111111,9,546,50,314.614583333333,401,158,64,114.173611111111,118
2017-07-31,10,1,4.71024734982332,5,58,5,21.5194346289753,5,53,4,11.8374558303887,9,645,50,270.155477031802,373,128,23,91.6219081272085,98
2017-08-01,10,1,5.27777777777778,5,59,5,23.6180555555556,12,36,4,12.5763888888889,11,528,50,276.423611111111,383,136,46,88.0243055555556,90
2017-08-02,9,1,4.29166666666667,4,59,5,20.7256944444444,14.5,71,4,14.3055555555556,12,621,50,319.496527777778,395,132,39,96.6527777777778,103
2017-08-03,14,1,5.61458333333333,5,94,1,16.5625,5,148,4,18.5729166666667,12,646,7,311.944444444444,404,150,7,101.857638888889,110
2017-08-04,12,1,5.65277777777778,6,83,1,14.8923611111111,5,121,4,21.6875,13,968,58,382.34375,412,146,10,98.4895833333333,108
2017-08-05,9,1,4.98611111111111,6,50,5,18.6284722222222,11.5,52,4,12.3368055555556,10,434,50,245.753472222222,349,148,21,100.232638888889,104
2017-08-06,7,1,4.86111111111111,5,39,1,10.8958333333333,5,47,4,9.44791666666667,8,738,51,292.163194444444,370,127,49,95.2986111111111,102
2017-08-07,9,1,5.82918149466192,6,69,5,21.5053380782918,20,47,4,11.9928825622776,11,600,50,298.096085409253,390,150,46,102.373665480427,107
2017-08-08,10,2,5.77777777777778,6,58,2,15.5486111111111,5,39,4,10.1909722222222,8,562,50,322.357638888889,412,139,49,109.881944444444,110
2017-08-09,10,2,6.25694444444444,6,53,5,13.4583333333333,7.5,75,4,13.5625,10,859,50,274.548611111111,377,133,16,104.065972222222,113
2017-08-10,8,1,5.09027777777778,6,47,5,16.9166666666667,10,45,5,10.7256944444444,9,607,50,334.548611111111,395,137,10,91.5833333333333,94
2017-08-11,9,1,4.46180555555556,5,49,1,13.7638888888889,5,119,5,13.9201388888889,9,525,7,256.145833333333,359,147,8,94.2708333333333,91
2017-08-12,10,1,5.15972222222222,6,52,3,12.8888888888889,5,78,4,10.25,8,456,50,270.770833333333,376,152,65,108.038194444444,105
2017-08-13,10,1,6.03472222222222,8,46,3,13.4548611111111,5,32,4,8.09722222222222,7,443,50,240.118055555556,341.5,124,58,99.2847222222222,102
2017-08-14,9,1,4.37847222222222,5,52,5,16.8854166666667,6,23,4,9,8,660,67,307.815972222222,371,123,42,92.8611111111111,96
2017-08-15,8,1,3.88888888888889,5,77,5,27.3402777777778,15,34,4,7.92361111111111,7,577,50,278.961805555556,366,126,60,95.2569444444444,99
2017-08-16,8,1,4.67013888888889,5,89,5,35.2361111111111,19.5,61,4,14.2013888888889,9,577,52,278.638888888889,374.5,120,6,74.5104166666667,77
2017-08-17,13,1,5.43430656934307,6,228,5,36.514598540146,35,75,4,20.1459854014599,14,1832,7,315.682481751825,408,134,6,85.7189781021898,96
2017-08-18,11,1,5.41319444444444,7,81,5,30.9652777777778,18.5,57,4,13.4583333333333,11,495,50,294.472222222222,403,132,31,95.6909722222222,101
2017-08-19,9,1,7.82876712328767,8,53,5,5.65068493150685,5,24,4,8.8972602739726,8,497,53,434.705479452055,436,136,64,110.63698630137,116.5
2017-08-20,9,7,7.65972222222222,8,5,5,5,5,38,4,8.36805555555556,7,480,388,417.416666666667,415,117,51,91.4513888888889,95
2017-08-21,8,5,7.18055555555556,7,5,5,5,5,26,5,9.78472222222222,8,449,386,409.486111111111,407,123,35,81.4027777777778,80.5
2017-08-22,10,1,6.78835978835979,7,99,1,14.7037037037037,5,30,5,10.2698412698413,8,455,7,324.460317460317,407,121,1,70.8412698412698,75
2017-08-23,9,1,4.93055555555556,6.5,89,5,27.8368055555556,17.5,50,4,12.8784722222222,11,639,50,326.097222222222,406,135,1,49.8784722222222,23.5
2017-08-24,10,1,5.35069444444444,7,62,5,24.6111111111111,16.5,45,4,11.9513888888889,10,516,50,302.854166666667,389,144,8,50.6909722222222,15.5
2017-08-25,9,1,5.35416666666667,5,61,5,25.21875,15,59,5,14.2951388888889,11,556,65,324.256944444444,411,133,8,45.6041666666667,17
2017-08-26,9,1,4.80555555555556,5,58,5,24.84375,14.5,39,4,12.1458333333333,11,555,50,311.607638888889,406.5,126,8,46.0104166666667,16.5
2017-08-27,9,1,4.41319444444444,4,238,1,29.8645833333333,5,20,5,8.97222222222222,8,443,51,277.607638888889,369,91,8,41.8298611111111,26
2017-08-28,9,1,4.47916666666667,5,116,1,19.4548611111111,5,39,6,14.5625,12,489,66,304.357638888889,390.5,78,8,32.96875,17.5
2017-08-29,9,1,4.625,5,77,1,9.67708333333333,5,27,5,11.9201388888889,11,459,78,304.628472222222,392,115,8,40.9618055555556,21
2017-08-30,9,1,5.90625,7,76,1,10.8020833333333,5,48,6,17.21875,15,872,82,311.618055555556,399.5,121,2,39.2291666666667,8
2017-08-31,8,1,5.34722222222222,6,57,1,13.6805555555556,5,95,6,17.9930555555556,14,1225,76,342.190972222222,415,142,8,47.8472222222222,14.5
2017-09-01,9,1,4.64236111111111,6,52,4,16.1145833333333,5,57,5,14.9305555555556,12,682,50,334.565972222222,411.5,139,8,52.3472222222222,25.5
2017-09-02,9,1,4.24305555555556,5,58,5,16.8472222222222,5,46,5,12.6180555555556,11,464,56,295.371527777778,376,137,8,48.0798611111111,11
2017-09-03,10,1,4.83333333333333,5,185,1,19.2569444444444,5,56,4,11.6875,10,474,53,307.204861111111,407,118,8,44.1041666666667,22.5
2017-09-04,9,1,4.43055555555556,4,48,2,15.0555555555556,5,99,5,18.03125,12,695,50,309.850694444444,417,118,6,42.7638888888889,8
2017-09-05,10,1,4.64236111111111,4.5,44,4,14.4166666666667,5,80,5,18.5277777777778,13,584,7,311.298611111111,343,154,8,70.6215277777778,62.5
2017-09-06,9,1,4.90277777777778,6,45,4,16.8333333333333,5,87,5,18.3576388888889,13,608,50,304.125,415.5,144,7,100.166666666667,102.5
2017-09-07,8,1,5.19444444444444,6,46,1,15.6215277777778,5,79,5,15.5798611111111,12,520,50,314.756944444444,406,132,34,100.201388888889,107.5
2017-09-08,14,1,5.02681992337165,5,67,1,18.8084291187739,5,82,5,17.8659003831418,13,675,7,307.900383141762,338,140,8,95.5555555555556,94
2017-09-09,10,1,5.36933797909408,6,78,5,22.6794425087108,15,34,4,12.4076655052265,11,798,51,396.142857142857,493,143,56,102.613240418118,109
2017-09-10,9,1,5.24652777777778,5,52,1,10.9340277777778,5,93,4,10.8055555555556,6,574,50,326.875,455,105,5,75.6145833333333,77
2017-09-11,12,1,6.20833333333333,6,50,1,11.9479166666667,5,134,4,23.6944444444444,12,793,53,350.305555555556,434.5,116,1,70.3472222222222,78
2017-09-12,9,1,5.62847222222222,6,35,1,10.9479166666667,5,93,4,19.7777777777778,15,839,50,276.96875,398.5,99,1,63.5833333333333,70
2017-09-13,10,1,6.72916666666667,8,51,1,14.3229166666667,5,86,4,17.875,11,712,54,317.340277777778,424.5,135,3,89.2152777777778,89
2017-09-14,10,1,6.49652777777778,7,47,4,13.9027777777778,5,74,5,15.9270833333333,12,627,69,306.027777777778,363,118,21,86.0381944444444,93
2017-09-15,28,1,6.24907063197026,6,45,3,16.0706319702602,5,75,5,14.9330855018587,11,524,53,212.159851301115,171,128,2,87.4944237918216,91
2017-09-16,27,2,5.24652777777778,5,44,2,14.0694444444444,5,68,4,12.1180555555556,9,576,79,196.927083333333,182,128,29,82.7152777777778,86
2017-09-17,18,1,5.59722222222222,5,34,1,11.8611111111111,5,52,4,11.9618055555556,10,517,59,162.440972222222,170.5,119,42,84.5625,86
2017-09-18,115,1,7.35069444444444,5,50,1,12.5729166666667,5,83,5,16.9201388888889,11,589,51,194.746527777778,182,111,9,77.3402777777778,82
2017-09-19,79,1,9.45138888888889,5,65,2,13.5868055555556,5,110,4,21.5173611111111,13,767,7,193.909722222222,163,108,3,64.8506944444444,66
2017-09-20,119,1,10.625,5,51,5,16.2569444444444,8.5,104,5,20.5590277777778,14,579,63,186.572916666667,175,139,6,86.875,88
2017-09-21,110,1,9.25087108013937,6,49,5,15.198606271777,5,106,5,21.7421602787456,14,528,7,197.236933797909,171,143,4,87.7560975609756,92
2017-09-22,11,1,6.17361111111111,6,54,5,18.3368055555556,9,133,5,24.0069444444444,15,457,68,182.559027777778,172.5,160,5,95.8680555555556,99
2017-09-23,9,1,5.38194444444444,5,54,5,15.1909722222222,5,132,4,13.5729166666667,7,569,94,179.916666666667,148,136,6,96.8819444444444,97
2017-09-24,9,1,4.12847222222222,3,41,5,14.25,5,48,4,10.3715277777778,8,280,92,153.263888888889,147,125,35,91.1597222222222,94
2017-09-25,9,1,5.33333333333333,5,55,5,17.3645833333333,8,101,5,18.625,12,501,55,172.28125,158,118,2,84.7708333333333,88
2017-09-26,13,1,6.08088235294118,8,33,5,12.5220588235294,5,88,4,19.8970588235294,14,581,50,200.617647058824,181.5,113,9,78.2022058823529,84
2017-09-27,10,1,6.97916666666667,8,59,5,17.7361111111111,7.5,87,6,21.7152777777778,15,875,54,270.413194444444,219.5,121,5,78.6423611111111,80.5
2017-09-28,10,1,5.91666666666667,8,45,2,17.2847222222222,5,81,5,15.9166666666667,11,810,66,263.4375,203,115,21,82.4618055555556,87
2017-09-29,10,1,5.04676258992806,5,42,5,14.5323741007194,10,151,5,16.841726618705,11,925,62,241.535971223022,166.5,125,10,86.1906474820144,85.5
2017-09-30,10,1,5.95833333333333,6,54,5,16.2256944444444,5.5,121,4,19.1111111111111,13,1179,92,293.3125,208,120,5,82.6111111111111,87.5
2017-10-01,10,1,5.95833333333333,7,52,5,19.1666666666667,11,96,4,16.8888888888889,13,1088,73,262.40625,180.5,119,7,80.0381944444444,81
2017-10-02,9,1,4.69444444444444,6,60,1,15.2256944444444,5,98,4,21.2951388888889,12,1096,7,250.576388888889,178,87,1,50.5243055555556,58.5
2017-10-03,10,1,5.01388888888889,6,47,1,11.84375,5,137,4,19.9895833333333,11,1473,52,252.840277777778,167.5,93,1,61.1701388888889,68
2017-10-04,9,1,4.42013888888889,5,50,2,11.9791666666667,5,62,4,14.1180555555556,10,651,75,225.708333333333,161,100,2,66.9652777777778,70
2017-10-05,11,1,5.42361111111111,5.5,226,1,19.2743055555556,5,136,4,20.5381944444444,10,1269,81,263.100694444444,190,105,1,66.6145833333333,72.5
2017-10-06,13,1,6.52083333333333,7,72,1,17.3645833333333,5,158,4,33.0416666666667,21,1185,7,279.996527777778,178.5,132,1,62.3125,63.5
2017-10-07,12,2,5.875,6,68,4,16.6964285714286,5,89,4,20.5214285714286,15,748,64,234.296428571429,178.5,128,4,79.3857142857143,84.5
2017-10-08,9,1,5.43205574912892,6,50,5,13.7665505226481,5,123,4,16.198606271777,9,1029,82,238.794425087108,170,123,7,80.4947735191638,81
2017-10-09,11,1,5.98581560283688,7,61,3,18.0141843971631,5,159,4,26.613475177305,15,1326,77,321.443262411348,227.5,123,1,78.386524822695,86
2017-10-10,12,1,6.79861111111111,7,73,5,20.0694444444444,8.5,193,4,33.9270833333333,18,1135,58,295.204861111111,211.5,136,1,80.0972222222222,87.5
2017-10-11,16,1,6.66666666666667,7,55,5,16.6145833333333,5,195,5,28.59375,19,1216,50,248.815972222222,198.5,133,1,80.0729166666667,83.5
2017-10-12,10,1,6.22916666666667,6,91,5,20.2256944444444,7,89,4,20.0590277777778,13,808,50,218.572916666667,182,114,1,65.6840277777778,71
2017-10-13,17,1,7.13194444444444,8,123,5,27.0659722222222,11.5,148,5,32.5347222222222,19.5,1371,7,254.729166666667,168.5,100,1,48.3090277777778,53
2017-10-14,12,2,6.83333333333333,7,100,5,32.8993055555556,17.5,149,5,34.2951388888889,22,1287,78,301.038194444444,209.5,141,1,57.4131944444444,62.5
2017-10-15,11,1,7.04861111111111,8,75,5,23.5868055555556,15,106,5,18.0659722222222,11,678,50,202.868055555556,169,126,1,72.5069444444444,71
2017-10-16,20,1,7.39583333333333,9,58,5,16.9270833333333,6,99,4,16.7326388888889,8,893,7,211.107638888889,169,118,1,84.8194444444444,92
2017-10-17,11,1,6.65972222222222,7,65,5,24.9166666666667,15,89,8,23.96875,19,739,88,256.048611111111,205.5,90,1,59.6875,64
2017-10-18,10,1,4.75694444444444,5,161,1,19.6979166666667,5,33,4,11.2013888888889,10,842,75,280.076388888889,173.5,90,35,66.4097222222222,70
2017-10-19,12,1,4.93402777777778,4.5,38,1,7.69791666666667,5,54,4,12.7881944444444,9,680,118,241.753472222222,179,99,11,71.6666666666667,74.5
2017-10-20,10,1,4.96057347670251,5,64,1,12.089605734767,5,105,5,21.820788530466,15,1594,96,353.197132616487,229,88,1,55.0394265232975,63
2017-10-21,7,1,3.9,5,53,1,8.90833333333333,5,62,5,17.4416666666667,14,1009,89,254.633333333333,149,84,2,43.0666666666667,43
2017-10-22,7,2,5.45138888888889,6,5,5,5,5,33,6,12.9027777777778,11,223,94,130.375,126,99,13,57.5763888888889,56
2017-10-23,8,1,5.1875,6,5,5,5,5,56,6,21.3819444444444,19,296,108,160.652777777778,155,111,3,59.9722222222222,57
2017-10-24,7,1,2.52777777777778,2,5,5,5,5,44,6,19.1875,16,495,122,166.986111111111,165,104,19,64.9791666666667,66
2017-10-25,8,1,3.95138888888889,4,5,5,5,5,56,5,20.6736111111111,16,410,119,182.8125,171,95,14,60.6388888888889,61.5
2017-10-26,7,1,3.33333333333333,3,5,5,5,5,67,8,23.5972222222222,20,421,124,188.875,176.5,98,4,56.3125,56
2017-10-27,8,1,5.27777777777778,6,5,5,5,5,88,4,26.875,24.5,418,155,220.875,208,92,3,59.5972222222222,59.5
2017-10-28,8,2,5,5,5,5,5,5,56,6,17.6319444444444,16,344,146,201.354166666667,197,93,8,61.1944444444444,63.5
2017-10-29,8,3,5.41666666666667,6,5,5,5,5,29,5,12.5763888888889,12,227,123,176.840277777778,183,106,46,72.4722222222222,69
2017-10-30,14,1,4.31168831168831,4,63,1,13.7489177489177,5,121,6,34.5021645021645,24,1047,50,251.528138528139,195,112,1,57.1558441558442,59
2017-10-31,9,1,4.73958333333333,5,66,3,15.2291666666667,5,113,6,23.4652777777778,14,1218,50,309.763888888889,187.5,110,2,69.5277777777778,74
2017-11-01,8,1,4.47916666666667,5,47,1,12.25,5,96,4,13.5347222222222,8,852,50,281.600694444444,193,97,12,73.4027777777778,76.5
2017-11-02,9,1,3.95833333333333,4,90,2,17.8958333333333,5,111,5,27.4270833333333,14,1686,50,314.125,196.5,105,1,53.75,58.5
2017-11-03,15,1,4.39007092198582,4,64,1,18.2127659574468,5,74,4,17.1099290780142,13,1320,51,330.496453900709,213,95,1,66.5354609929078,71
2017-11-04,8,1,3.57638888888889,3,51,1,8.16666666666667,5,29,4,8.93055555555556,8,920,64,277.663194444444,159.5,95,37,71.5659722222222,76
2017-11-05,7,1,3.19811320754717,3,17,1,5.65566037735849,5,43,4,9.55188679245283,7,853,55,225.952830188679,161.5,83,17,55.8160377358491,58
2017-11-06,11,1,5.12605042016807,5,32,1,7.15546218487395,5,57,5,16.5798319327731,10.5,603,50,206.373949579832,212,97,3,67.1890756302521,68.5
2017-11-07,14,1,5.54166666666667,6,42,1,9.04166666666667,5,76,5,21.3148148148148,17,710,7,243.148148148148,251,85,2,52.7407407407407,55
2017-11-08,11,1,5.8397212543554,6,60,1,10.7386759581882,5,123,6,29.5052264808362,20,961,7,265.815331010453,271,108,1,43.2439024390244,44
2017-11-09,10,1,4.73991031390134,5,21,1,5.73094170403587,5,64,5,15.0762331838565,9,493,50,232.905829596413,245,88,22,60.1659192825112,62
2017-11-10,14,1,4.51567944250871,4,71,1,10.2926829268293,5,113,4,23.1393728222997,12,1795,50,294.407665505226,260,88,1,54.7665505226481,62
2017-11-11,8,1,4.95138888888889,5,50,1,10.4444444444444,5,81,4,21.3576388888889,17,995,50,282.40625,236,94,1,49.6354166666667,53.5
2017-11-12,9,1,5.3125,5,70,1,15.2083333333333,5,104,5,29.1944444444444,21,910,50,304.993055555556,282.5,93,1,41.5,45.5
2017-11-13,9,1,4.26244343891403,4,33,1,8.90497737556561,5,65,6,22.5972850678733,19,710,7,242.524886877828,247,84,1,46.185520361991,53
2017-11-14,14,1,5.31636363636364,5,59,1,11.12,5,133,3,22.2363636363636,11,1341,7,221.472727272727,200,90,3,59.8363636363636,65
2017-11-15,13,1,5.60069444444444,6,59,1,15.8680555555556,5,115,7,36.3854166666667,28.5,1169,50,245.336805555556,212.5,108,1,47.8229166666667,50
2017-11-16,14,1,5.75,6,64,1,17.3159722222222,5,144,7,43.0902777777778,34,1311,50,287.715277777778,242.5,102,1,43.3541666666667,43
2017-11-17,22,1,7.06944444444444,6,98,1,20.1597222222222,5,151,10,47.5451388888889,38.5,1891,50,364.951388888889,268.5,96,1,38.2847222222222,36.5
2017-11-18,14,2,6.07638888888889,6,80,1,18.5138888888889,5,136,9,39.7118055555556,32,1280,51,334.673611111111,271.5,97,1,41.4861111111111,48
2017-11-19,15,1,5.91666666666667,6,81,1,15.9097222222222,5,129,7,32.8541666666667,28,1021,50,248.791666666667,239,86,1,44.0173611111111,48
2017-11-20,14,3,7.5,7,67,1,13.2640845070423,5,129,6,35.5140845070423,29,1331,7,319.214788732394,218.5,80,1,36.3098591549296,37
2017-11-21,17,1,9.09608540925267,12,72,1,15.9430604982206,5,135,8,43.7366548042705,36,1290,50,304.850533807829,241,72,1,33.2135231316726,36
2017-11-22,15,1,8.96875,11.5,83,1,18.3333333333333,5,149,10,43.6388888888889,33,1563,52,331.913194444444,275,72,1,36.3784722222222,36
2017-11-23,19,1,9.73611111111111,12,84,5,19.9861111111111,6,138,9,44.3298611111111,41,1536,50,367.340277777778,312.5,67,1,29.2326388888889,26.5
2017-11-24,17,2,8.80555555555556,10,71,5,23.2326388888889,9.5,144,10,46.7291666666667,43,1103,7,318.697916666667,255,75,1,29.4513888888889,25
2017-11-25,15,1,8.59375,8,80,5,23.5451388888889,10.5,79,11,38.0069444444444,36,748,50,297.215277777778,275,64,1,26.1076388888889,23.5
2017-11-26,14,1,9.45959595959596,11,59,5,16.6767676767677,5,71,7,26.3484848484848,24,673,56,254.015151515152,234,73,1,33.0555555555556,33
2017-11-27,14,5,10.6805555555556,11,5,5,5,5,79,9,31.4652777777778,24.5,549,7,122.951388888889,7,75,4,32.7222222222222,29
2017-11-28,14,11,12.3333333333333,12,5,5,5,5,62,9,29.6944444444444,26,7,7,7,7,61,4,26.8680555555556,26
2017-11-29,14,1,10.0546448087432,12,11,1,5.08743169398907,5,65,4,17.5300546448087,13,517,7,51.5355191256831,7,86,2,47.0382513661202,46
2017-11-30,17,1,9.1875,10,31,1,6.88888888888889,5,80,7,20.0833333333333,15,669,7,87.6458333333333,28.5,72,3,43.4756944444444,44
2017-12-01,16,3,9.73611111111111,11,34,1,10.0798611111111,5,86,8,22.6979166666667,19,1030,7,127.96875,68,79,2,43.9756944444444,46
2017-12-02,16,2,9.52430555555556,8.5,88,1,10.9722222222222,5,79,4,22.7256944444444,15,1093,50,307.614583333333,264,94,1,52.8645833333333,53
2017-12-03,16,2,9.58680555555556,10,47,1,10.4027777777778,5,79,4,16.78125,11,679,50,281.385416666667,277,91,1,55.5520833333333,59
2017-12-04,23,3,11.2604166666667,13,71,1,13.1041666666667,5,104,6,35.125,26,838,50,349.21875,317.5,105,1,38.09375,39
2017-12-05,19,2,11.0868055555556,13,94,1,18.2083333333333,5,148,6,44.6111111111111,32,1655,50,383.104166666667,319,77,1,33.4756944444444,33
2017-12-06,16,2,10.6631944444444,13,88,1,22.3263888888889,5,131,12,40.7743055555556,33,1227,51,439.489583333333,408,82,1,33.2118055555556,39
2017-12-07,19,2,10.9791666666667,14,80,5,21.3506944444444,6,140,10,46.2847222222222,41,1592,68,469.895833333333,424,80,1,27.6319444444444,26.5
2017-12-08,17,2,10.5347222222222,12.5,72,3,18.6631944444444,5,131,9,40.5590277777778,32,984,76,432.770833333333,399,92,1,37.8159722222222,40
2017-12-09,16,1,8.31597222222222,9,64,5,20.0763888888889,6.5,75,5,31.3854166666667,30,799,50,296.336805555556,274,72,1,28.8923611111111,29.5
2017-12-10,16,1,7.77430555555556,7.5,36,1,9.09722222222222,5,57,5,10.3333333333333,8,725,50,169.267361111111,149.5,86,3,61.0416666666667,65
2017-12-11,16,1,8.28819444444444,10.5,35,1,8.76736111111111,5,43,4,12.0173611111111,8,976,7,263.027777777778,229,91,8,70.4513888888889,73
2017-12-12,17,1,9.5625,10.5,48,1,9.14236111111111,5,76,4,19.7673611111111,10,810,50,216.1875,220.5,72,4,49.9305555555556,58.5
2017-12-13,16,2,8.46180555555556,8,58,1,12.7152777777778,5,92,4,34.90625,29.5,1053,7,315.993055555556,297.5,63,1,28.4409722222222,29
2017-12-14,13,1,7.09027777777778,7.5,45,1,13.8402777777778,5,84,8,37.0833333333333,36,1110,50,296.302083333333,304,57,1,24.1770833333333,22
2017-12-15,13,1,5.47222222222222,6,35,1,7.78819444444444,5,42,5,11.8784722222222,8,587,50,185.131944444444,158,73,10,56.1805555555556,59
2017-12-16,17,1,6.30902777777778,7,29,1,7.35763888888889,5,85,4,16.8680555555556,11,1442,50,193.197916666667,199,86,6,58.1145833333333,59.5
2017-12-17,10,1,6.76736111111111,8,33,1,9.25347222222222,5,76,5,20.6875,15,899,50,268.100694444444,252.5,77,1,45.2708333333333,47
2017-12-18,17,2,7.56944444444444,8.5,49,1,10.9166666666667,5,115,4,31.4722222222222,22,1183,50,361.430555555556,345,76,1,35.0451388888889,37
2017-12-19,25,3,8.09407665505226,9,64,1,12.7770034843206,5,147,6,30.0940766550523,20,1656,7,319.595818815331,275,72,1,36.9825783972125,40
2017-12-20,15,1,7.36879432624113,9,75,1,14.645390070922,5,125,7,36.6312056737589,29.5,1924,50,403.663120567376,336,81,1,36.2943262411348,37
2017-12-21,17,2,9.13194444444444,9,79,1,18.8576388888889,5,156,7,43.9722222222222,34.5,1371,50,404.826388888889,398.5,68,1,25.9270833333333,26
2017-12-22,17,1,8.58333333333333,10,104,5,25,6,144,12,47.6597222222222,46.5,1482,50,434.71875,409,65,1,24.9166666666667,23
2017-12-23,12,1,7.11458333333333,9,80,1,15.4930555555556,5,102,8,29.7326388888889,25,1104,50,351.163194444444,360.5,69,1,33.3611111111111,33
2017-12-24,12,1,6.53472222222222,7,67,1,9.92361111111111,5,88,4,17.5208333333333,8,1449,50,369.829861111111,284.5,76,2,56.8333333333333,65
2017-12-25,11,1,6.20138888888889,6,52,1,13.3194444444444,5,73,6,24.2430555555556,19,1003,50,321.732638888889,285.5,78,2,33.5694444444444,35
2017-12-26,11,1,5.39285714285714,4,21,1,4.97142857142857,5,37,4,10.7571428571429,8,603,7,163.775,174,90,8,70.0642857142857,71
2017-12-27,10,1,5.46875,4.5,24,1,6.47222222222222,5,23,3,8.69444444444444,8,629,50,215.246527777778,214,85,57,75.0972222222222,76
2017-12-28,10,1,5.16666666666667,5,23,1,5.78472222222222,5,20,3,8.01041666666667,7,492,51,202.048611111111,200,79,46,62.5729166666667,61
2017-12-29,11,1,5.49305555555556,5.5,26,1,5.76041666666667,5,70,4,16.5520833333333,11,891,50,206.364583333333,145,71,1,48.71875,56
2017-12-30,11,1,5.48958333333333,7.5,81,1,11.7951388888889,5,104,4,25.8125,18,1809,50,291.576388888889,239.5,74,1,35.3333333333333,34
2017-12-31,11,1,5.63541666666667,6,31,1,8.78125,5,69,5,16.3298611111111,14,701,50,248.638888888889,219.5,81,1,44.9166666666667,53.5
2018-01-01,7,2,4.5,4.5,5,2,3.5,3.5,7,5,6,6,278,222,250,250,72,72,72,72
